{"rmse": 180889875.94245827, "mae": 109431458.81818181, "r2": 0.3785545488101971, "pinball_loss": 54715729.40909091, "objective": "quantile_median"}