{"rmse": 681300.9941339926, "mae": 384477.46155939053, "r2": 0.6804978769183547, "pinball_loss": 192238.73077969527, "objective": "quantile_median"}